Text#,Title
0,0
1013,The First Men in the Moon
24750,"Mizora: A Prophecy
A MSS. Found Among the Private Papers of the Princess Vera Zarovitch"
28644,Beyond the Door
51822,Arcturus Times Three
40970,Exploiter's End
51137,Cause of Death
42111,And Then the Town Took Off
51288,Man of Distinction
799,De la terre à la lune: trajet direct en 97 heures 20 minutes
32243,Confidence Game
19651,Key Out of Time
22524,The Hunters
30214,The Red Hell of Jupiter
50988,Bodyguard
1607,A Journey in Other Worlds: A Romance of the Future
30170,Lonesome Hearts
33644,The Secret of the Ninth Planet
29931,The Big Tomorrow
29139,No Pets Allowed
23636,A Matter of Importance
32905,Mask of Death
17355,The Runaway Skyscraper
29168,Houlihan's Equation
17027,Return to Pleasure Island
29059,The World Beyond
51363,Double Standard
50774,Contagion
50981,Garrity's Annuities
51623,Always a Qurono
51184,Inside Earth
51035,Up for Renewal
27696,A Fine Fix
46616,"The Fantasy Fan, February 1934
The Fans' Own Magazine"
30305,DP
22132,Giants on the Earth
28031,Resurrection
30252,The Four-Faced Visitors of Ezekiel
50971,The Problem Makers
32395,No Strings Attached
139,The Lost World
26782,It Could Be Anything
50999,Med Ship Man
30399,Pythias
29599,Homesick
52574,Third Planet
50904,On the Fourth Planet
19471,Badge of Infamy
51112,The Other Now
22176,The Winged Men of Orcon: A Complete Novelette
19362,In the Year 2889
23588,A Filbert Is a Nut
30166,"Astounding Stories, March, 1931"
24521,In Case of Fire
33934,She Knew He Was Coming
51420,License to Steal
31215,A World Apart
19029,The Gifts of Asti
42259,The People of the Black Circle
24517,Accidental Death
30063,Double Take
26191,Citadel
24558,Watch the Sky
43041,Double or Nothing
51335,Fresh Air Fiend
31262,Rastignac the Devil
29749,The Flying Cuspidors
32344,Pet Farm
26917,Zehru of Xollar
27730,The Doomsman
31583,The Venus Trap
29321,Vulcan's Workshop
23799,Cry from a Far Planet
31736,Star Performer
31664,Once a Greech
26772,A Question of Courage
51622,Extracts from the Galactick Almanack: Music Around the Universe
51669,The Lamps of the Angels
29038,In the Orbit of Saturn
31840,Ring Once for Death
29793,The Hohokam Dig
23148,Droozle
28045,Walls of Acid
30416,"Waste Not, Want"
41981,The Jewels of Aptor
26109,Hail to the Chief
30002,Sjambak
51588,Security Plan
29299,Pirates of the Gorm
52167,"An Earthman on Venus (Originally titled ""The Radio Man"")"
30458,Novice
29146,Equation of Doom
25028,Heist Job on Thizar
32032,Second Variety
1951,The Coming Race
19067,Police Operation
29353,Vampires of Space
30348,The Last Supper
28628,Devil Crystals of Arret
25438,The Airlords of Han
32825,"The Goddess of Atvatabar
Being the history of the discovery of the interior world and conquest of Atvatabar"
41586,The Red Dust
22589,"Jubilation, U.S.A."
30338,Freedom
29160,Operation Lorelie
30303,The Passing of Ku Sui
29293,Priestess of the Flame
31619,The Planet Savers
18831,Time and Time Again
6585,The Works of Lucian of Samosata — Volume 02
51574,The Stuff
28894,Two Plus Two Makes Crazy
24392,Cat and Mouse
29889,Life Sentence
24655,Tinker's Dam
24282,Attrition
31929,Big Pill
50869,A Gleeb for Earth
51534,Self Portrait
32353,The Mind Digger
31893,"Astounding Stories, June, 1931"
51241,Bridge Crossing
23930,Beyond Pandora
22301,Valley of Dreams
31686,Collector's Item
24005,"But, I Don't Think"
51009,Picture Bride
26843,The Dope on Mars
51656,Pick a Crime
51533,The Celestial Hammerlock
18105,Genesis
32154,The Variable Man
28976,Shaman
24723,Final Weapon
42987,Nightmare Planet
23160,Solomon's Orbit
49897,The Gravity Business
30234,Dead Ringer
20727,The Cosmic Computer
23882,Gold in the Sky
32587,The Ambassador
23791,Scrimshaw
51081,The Amateurs
30832,Nor Iron Bars a Cage....
24567,Blind Man's Lantern
30379,Field Trip
51101,Nice Girl with 5 Husbands
22342,Supermind
20869,The Skylark of Space
24221,The Untouchable
23198,With No Strings Attached
50889,Half past Alligator
23162,No Great Magic
51688,The Air of Castor Oil
22462,Slingshot
51699,The God Next Door
50022,The Wailing Asteroid
20788,Storm Over Warlock
28047,Strange Alliance
30339,Status Quo
20154,Invaders from the Infinite
22226,The Whispering Spheres
29326,The Great Drought
9862,City of Endless Night
48866,"The Fantasy Fan, March 1934
The Fans' Own Magazine"
32654,Project Hush
29432,The Man the Martians Made
50872,Not Fit for Children
40993,Spacewrecked on Venus
28450,Stopover
27491,Unthinkable
26066,The Cosmic Express
14301,Atlantida
29789,Poppa Needs Shorts
43048,The Piebald Hippogriff
10662,The Night Land
23146,And All the Earth a Grave
23161,"Sodom and Gomorrah, Texas"
23889,Charley de Milo
24192,The First One
24779,Millennium
29170,The Hoofer
51249,Spacemen Die at Home
32127,Wheels Within
13841,Oberheim (Voices): A Chronicle of War
41029,The Moon Destroyers
30398,The Other Likeness
21988,Breaking Point
29618,The Aggravation of Elmer
32592,Let There Be Light
31547,Youth
29401,The Solar Magnet
24135,The Measure of a Man
32150,Prison of a Billion Years
51866,D-99: a science-fiction novel
21873,Planet of the Damned
51603,All the People
28767,The Defenders
51258,A Bad Day for Vermin
51053,Judas Ram
51330,I Am a Nucleus
41627,"Futuria Fantasia, Winter 1940"
51727,Satisfaction Guaranteed
28650,Year of the Big Thaw
29559,They Twinkled Like Jewels
28922,Compatible
16721,A Place so Foreign
50884,Today is Forever
32657,Spillthrough
29204,Arm of the Law
23335,Unwise Child
29240,Be It Ever Thus
28645,Lost in the Future
30307,Hawk Carse
29118,The Terror from the Depths
50753,Later Than You Think
1353,Off on a Comet! a Journey through Planetary Space
29940,Dogfight—1973
50848,Soldier Boy
29822,Rescue Squad
19338,The Keeper
32847,The Door into Infinity
29735,Martians Never Die
20856,Ten From Infinity
50441,Master of Life and Death
42901,Creatures of the Abyss
29255,Astounding Stories of Super-Science September 1930
29990,Satellite System
51075,A Stone and a Spear
30728,Oneness
32181,Do Unto Others
19526,Stand by for Mars!
33850,The Slizzers
32705,Deadly City
49754,What Do You Read?
24246,Greener Than You Think
51550,"The Long, Silvery Day"
18641,Hunter Patrol
31355,To Each His Star
21897,An Incident on Route 12
32398,"Brood of the Dark Moon
(A Sequel to ""Dark Moon"")"
18786,Treachery in Outer Space
86,A Connecticut Yankee in King Arthur's Court
32108,The Ego Machine
32004,The Knights of Arthur
26890,The Rat Racket
29206,Happy Ending
51361,Birds of a Feather
13944,"After London; Or, Wild England"
30251,Disqualified
23599,The Big Fix
1743,Twelve Stories and a Dream
23103,Traders Risk
21092,On the Trail of the Space Pirates
51028,The Protector
23535,The Invaders
51170,The Fire and the Sword
29046,The Heads of Apex
18861,Temple Trouble
32054,Stamped Caution
32820,World Beyond Pluto
285,The Lost Continent
24161,All Day September
51353,Dr. Kometevsky's Day
51331,"Swenson, Dispatcher"
50945,Point of Departure
51153,The Semantic War
29504,What's He Doing in There?
22876,The Link
31599,To Remember Charlie By
43235,First on the Moon
51519,The Drug
28933,One Out of Ten
23169,The Diamond Lens
27392,Lease to Doomsday
24064,Damned If You Don't
18632,Crossroads of Destiny
38287,We're Civilized!
22958,One-Shot
22154,Creatures of Vibration
50826,The Moons of Mars
50980,The Freelancer
41562,The Hanging Stranger
23149,In the Control Tower
46339,"The Fantasy Fan, October 1933
The Fan's Own Magazine"
17870,Operation Terror
30267,Remember the Alamo!
42664,Gods of the North
7250,"A Connecticut Yankee in King Arthur's Court, Part 9."
32078,Love Story
24707,By Proxy
42324,"Frankenstein; Or, The Modern Prometheus"
12163,"The Sleeper Awakes
A Revised Edition of When the Sleeper Wakes"
30015,Stopover Planet
4649,Micromégas
29445,The Hour of Battle
24965,The Deadly Daughters
32067,Atom Drive
51767,Death's Wisher
28515,The Saracen: Land of the Infidel
41624,"Futuria Fantasia, Fall 1939"
31841,The Water Eater
32637,"The Envoy, Her"
50863,Alien Minds
51202,Name Your Symptom
22867,Meeting of the Board
22526,Cubs of the Wolf
29601,See?
26956,Alien Offer
30408,The Fifth-Dimension Tube
29623,The Cuckoo Clock
23563,Viewpoint
27588,The Jupiter Weapon
18846,Voodoo Planet
29607,"Astounding Stories of Super-Science, March 1930"
30767,New Apples in the Garden
32676,The Test Colony
32562,"""And That's How It Was, Officer"""
19102,Dearest
50622,The Silver Menace
27143,The Cavern of the Shining Ones
31701,Noble Redman
50133,The Dunwich Horror
22216,Project Mastodon
24870,"The Stars, My Brothers"
50819,A Bad Day for Sales
50844,Proof of the Pudding
30475,With a Vengeance
32906,Thy Name Is Woman
50766,The Snowball Effect
29503,The Hated
22597,Question of Comfort
30334,Ultima Thule
22890,The Worlds of If
27053,The Day Time Stopped Moving
30035,Off Course
19066,Brigands of the Moon
32584,The Secret of Kralitz
20782,Triplanetary
31287,Turnover Point
30140,Gone Fishing
51434,An Elephant for the Prinkip
28346,Deathworld
23091,The Troubadour
23931,Instinct
24380,Shock Absorber
23872,The Professional Approach
50868,The Highest Mountain
26174,The Machine That Saved The World
51834,Never Come Midnight
123,At the Earth's Core
21638,Tarrano the Conqueror
25086,The Delegate from Venus
22218,The Street That Wasn't There
8086,Down and Out in the Magic Kingdom
51126,The Princess and the Physicist
51167,Butterfly 9
45644,"Guirlanden um Die Urnen der Zukunft
Eine interessante, originelle Familiengeschichte aus dem drei und zwanzigsten Jahrhunderte"
20920,Morale: A Story of the War of 1941-43
51549,The Big Engine
40954,Potential Enemy
23568,The Mississippi Saucer
49165,Brightside Crossing
29309,The Death-Traps of FX-31
14665,"Through the Air to the North Pole
Or, The Wonderful Cruise of the Electric Monarch"
26743,The Putnam Tradition
24436,Anything You Can Do ...
32551,Big Stupe
50847,Tea Tray in the Sky
26761,Cerebrum
18807,He Walked Around the Horses
29027,Spawn of the Comet
545,At the Earth's Core
23429,On Handling the Data
23764,The Bramble Bush
49901,The Snare
24949,Control Group
28550,Song in a Minor Key
24958,Second Landing
29475,Under Arctic Ice
22540,The K-Factor
32209,Assignment's End
5097,Vingt mille Lieues Sous Les Mers — Complete
6630,Curiosities of the Sky
29196,Mutineer
32134,The Dictator
50842,Green Grew the Lasses
23845,"Talents, Incorporated"
27383,Master of None
25629,Postmark Ganymede
29962,Celebrity
19709,Danger in Deep Space
28647,Texas Week
24180,Alarm Clock
50802,A City Near Centaurus
29410,The End of Time
22544,A World is Born
50571,The Green Odyssey
50893,The Great Nebraska Sea
19000,Printcrime
24118,"We Didn't Do Anything Wrong, Hardly"
27444,Starman's Quest
21670,Edison's Conquest of Mars
32207,A Mixture of Genius
22893,Pygmalion's Spectacles
48880,Rough Beast
30308,Hanging by a Thread
19076,Naudsonce
50935,"Star, Bright"
24721,Operation Haystack
26190,A Choice of Miracles
51185,All Jackson's Children
41027,The Revolt of the Star Men
23185,The Glory of Ippling
22549,Space Prison
32665,The Anglers of Arz
29069,Poisoned Air
35425,The Mad Planet
51256,The Cool War
51082,Coming Attraction
28437,It's a Small Solar System
551,The Land That Time Forgot
29620,Sorry: Wrong Dimension
27631,Dead World
51736,Star-Crossed Lover
27797,Vital Ingredient
30330,High Dragon Bump
51379,The Music Master of Babylon
43038,Ripeness is All
25234,Cum Grano Salis
26010,Valley of the Croen
51868,The Troublemakers
29389,Raiders of the Universes
51310,My Lady Greensleeves
29133,Shipwreck in the Sky
51297,The Pilot and the Bushman
51845,Wolfbane
17958,Warlord of Kor
30971,Industrial Revolution
24865,The Premiere
30885,Heart
369,The Outlaw of Torn
28453,Flight Through Tomorrow
28063,The Next Logical Step
51336,What is POSAT?
24927,A Matter of Magnitude
22332,Brain Twister
6714,"Dave Dashaway and His Hydroplane; Or, Daring Adventures over the Great Lake"
29525,The Leech
11393,20.000 Mijlen onder Zee: Westelijk Halfrond
7052,Dr. Heidenhoff's Process
33842,By Earthlight
24198,A Spaceship Named McGuire
24966,Survival Tactics
26206,Pandemic
22882,Image of the Gods
51801,The Immortals
1250,Anthem
50989,The Nostalgia Gene
29578,George Loves Gistla
19158,The Return
51832,The Place Where Chicago Was
19445,Omnilingual
10002,The House on the Borderland
29209,Reel Life Films
51668,Dream World
51421,Man in a Quandary
49651,Tedric
51072,Shamar's War
18458,Star Born
18719,Space Tug
40964,Tony and the Beetles
19474,Uller Uprising
24166,The Destroyers
51132,Whiskaboom
29750,Zen
96,The Monster Men
7246,"A Connecticut Yankee in King Arthur's Court, Part 5."
40969,The Mating of the Moons
4994,"Five Thousand Miles Underground; Or, the Mystery of the Centre of the Earth"
30361,The Stowaway
27019,My Shipmate—Columbus
3748,A Journey into the Interior of the Earth
29936,Flamedown
20147,Rip Foster Rides the Gray Planet
553,Out of Time's Abyss
3479,The Metal Monster
31962,The Ethical Way
41049,The Onslaught from Rigel
29509,Warm
50561,The Dark Other
32212,Clean Break
29919,"Astounding Stories of Super-Science, November, 1930"
5699,The Emancipatrix
51168,Operation Distress
32498,The Brain
51296,The Sense of Wonder
50827,Orphans of the Void
29963,"Goodbye, Dead Man!"
23194,The Common Man
30371,Service with a Smile
51320,Break a Leg
31981,The Eel
25627,The Hunted Heroes
51240,The Addicts
32574,The Telenizer
51407,Sea Legs
29619,The Altar at Midnight
164,Twenty Thousand Leagues under the Sea
23159,Stairway to the Stars
26168,The Success Machine
28646,Solar Stiff
50682,The Planet Mappers
20553,Out Around Rigel
51713,Metamorphosis
29947,Spacemen Never Die!
30434,Occasion ... for Disaster
19731,"Under the Ocean to the South Pole; Or, the Strange Cruise of the Submarine Wonder"
22966,Toy Shop
30255,The Skull
51781,The King of the City
51210,"I, the Unspeakable"
51615,A Matter of Protocol
29328,The Shining Cow
23731,A Martian Odyssey
26882,"Omega, the Man"
52009,New Lamps
19174,The Man Who Rocked the Earth
29720,Hall of Mirrors
31469,The Shunned House
51008,Two Weeks in August
32040,Diplomatic Immunity
25295,"Pharaoh's Broker
Being the Very Remarkable Experiences in Another World of Isidor Werner"
22881,My Friend Bobby
51194,Made to Measure
25166,What The Left Hand Was Doing
51274,Ambition
51046,...And It Comes Out Here
29308,Small World
24444,Out Like a Light
20212,Police Your Planet
51150,Venus is a Man's World
29149,"Cogito, Ergo Sum"
50290,Space Station 1
20802,Ĉe la koro de la tero
42243,The Hour of the Dragon
24791,The Marooner
29271,The Issahar Artifacts
7247,"A Connecticut Yankee in King Arthur's Court, Part 6."
24302,The Highest Treason
51152,Appointment In Tomorrow
30383,Spies Die Hard!
24399,Criminal Negligence
27921,The Love of Frank Nineteen
28705,The God in the Box
22227,The 4-D Doodler
51518,The Feeling
23942,Unborn Tomorrow
31168,"Astounding Stories, July, 1931"
51203,A Coffin for Jacob
29882,"Astounding Stories of Super-Science, October, 1930"
25862,The Chamber of Life
30493,Lion Loose
22580,"Het Geheimzinnige Eiland
De Verlatene"
18346,Null-ABC
51752,If You Was a Moklin
30034,I'll Kill You Tomorrow
51663,Dawningsburgh
29548,Warrior Race
29283,Salvage in Space
60312,The Germ Growers: An Australian story of adventure and mystery
22239,Security
28953,When I Grow Up
23868,Vanishing Point
32697,The Sword
41445,"Frankenstein; Or, The Modern Prometheus"
27595,Eight Keys to Eden
19963,Stop Look and Dig
21627,Gambler's World
18602,"The Fourth ""R"""
552,The People That Time Forgot
4717,Autour de la Lune
41905,Captives of the Flame
23612,The Leader
29298,The Bluff of the Hawk
29471,The Velvet Glove
51805,Success Story
27492,Upstarts
19370,Ullr Uprising
51380,Time In the Round
22585,—And Devious the Line of Duty
30353,The Smiler
51651,Conditionally Human
51286,Pen Pal
29965,Two Thousand Miles Below
40991,The Butterfly Kiss
22767,Pagan Passions
51824,World in a Bottle
32780,Asteroid of Fear
51712,A Trace of Memory
51122,The Men in the Walls
32832,Piper in the Woods
24928,Longevity
8199,The Moon Metal
51396,Not a Creature Was Stirring
23379,Old Mr. Wiley
24121,As Long As You Wish
32688,The Ordeal of Colonel Johns
18855,The Return
29908,The Adventurer
126,The Poison Belt
10349,Naar het middelpunt der Aarde
26521,Earthmen Bearing Gifts
4290,The Dominion in 1983
29614,The Game of Rat and Dragon
40968,Desire No More
51596,Aloys
30259,The Man Who Played to Lose
72,"Thuvia, Maid of Mars"
51115,Transfer Point
22559,The Day of the Boomer Dukes
32321,The Book
51854,The Rat Race
31703,'Mid Pleasures and Palaces
51498,Bad Memory
29421,The Floating Island of Madness
51350,No Substitutions
51494,Beach Scene
26292,The Star Hyacinths
23099,The Fourth Invasion
29198,Astounding Stories of Super-Science July 1930
29437,The Martian Cabal
29791,The Most Sentimental Man
25567,Impact
32613,Tabby
51740,Don't Look Now
31207,Where the World is Quiet
24290,PRoblem
51616,Sales Talk
51449,Moral Equivalent
28215,Empire
18137,Little Fuzzy
32162,The Beasts in the Void
22513,Sense from Thought Divide
51609,A Fall of Glass
30742,Anything You Can Do!
49809,Junior
25644,The Man Who Hated Mars
30583,The Asses of Balaam
29768,"Astounding Stories of Super-Science, August 1930"
51681,Amateur in Chancery
39572,West Of The Sun
